-0.0485580880659635,-0.0103985136169588,0.0127399486602516,0.0662655325284905,0.191403593636778,0.0351054375626008,-0.122133657074693,-0.205333448783287,0.0416775642183389,-0.164929081570822,0.122627870527441,-0.14381082285163,0.129453290423863,0.0263473810764571,-0.20287625737701,0.253956273851132,0.0965730550106817,-0.158919711295256,0.0900604439666559,0.00308197572470804,-0.0393873867264613,0.0719558938345032,-0.159837136230448,0.00960023610599697,0.0406223307542862,-0.0940345693091242,-0.106797324636827,-0.010186197172312,-0.0742207612783233,-0.100649537346605,-0.0635361979870977,-0.0679676260824787,0.12691652852357,-0.0242219302310276,-0.187388211491411,0.0890054758831471,0.190125035650822,-0.0530366846271792,0.174055643526,-0.0528157618736627,-0.0132655968894828,-0.246600821228813,-0.0109240919928436,-0.1022395037512,0.136108477363345,0.163798494244812,0.117308504654732,-0.0252430028076197,-0.0272451754368808,0.155258422857219,0.326437735434045,-0.110413562018463,-0.22357347238846,0.114717731132142,-0.141631416969412,0.117058760236223,0.0561135575563113,0.111984130219028,0.237639637973348,0.114643203022351
-0.0581392883978144,-0.147468856009531,-0.0701661579390012,0.101723368707378,-0.0966713116363684,-0.142459076826507,0.0049136577176246,0.0763133956410848,0.268458400504098,-0.0274888361184362,0.0577877094262021,-0.143991750107366,-0.0750939467958501,0.0705955760150309,0.274914342725879,-0.0316430285419739,-0.147167766818702,-0.0715889958576539,-0.0962674944743419,0.280967714022877,-0.176609992275944,0.129982200523669,-0.0977577945683293,0.00859201650732172,-0.00967401115553133,-0.0212724601929303,0.0404503652184306,0.0835737770206744,0.0469687410782187,0.227186656454042,0.0705281689586777,0.0087277299813699,-0.102716779525035,0.105399348727309,0.212470959730585,-0.154589468611526,0.00986917637389693,0.00419195486853435,0.0964286163367674,0.0753963068309038,0.0178430337902073,0.0206461173442166,0.0755864332623966,0.0484953402336323,0.0701257271691657,-0.179581083448909,0.252710958530614,-0.0825142356472902,0.122121011654001,1.60025185504935e-05,0.0116892569584905,-0.109561191650562,-0.255722115604926,-0.126521893493965,0.193192667983397,0.0743594266091066,-0.0552586095848197,0.254453089657727,0.211344032169994,0.114208776029273
-0.0357187263237314,-0.135218341449007,-0.00502966688040188,-0.0170234115835461,-0.0297801993580232,0.0287796415027234,0.0197417801017251,-0.0716431646650952,0.0220967155554555,0.161742551595378,0.108926364153629,-0.132069109692156,0.0269953846119111,0.172980587294726,-0.0982669703939193,-0.20299473836806,-0.155647576909514,-0.0898142498759874,0.0267186259247929,-0.249666289024112,0.08078438856317,0.202198862516051,0.148882043206946,0.105198655578786,-0.0583118584135026,0.28390178572403,-0.0770271030123132,-0.0366283604129032,0.115470618202823,-0.216105444839326,-0.0826233259282079,0.0129825619422842,0.0829720948687305,-0.0454809401716125,0.289954288760716,0.119901153152712,0.143583258298849,0.0900235423143183,-0.0251892744242282,-0.206288512801921,0.461508670490942,-0.0626576431052678,-0.0926262003371948,-0.0453615941804997,0.00033408810921975,-0.0310111652235184,-0.0594687133780155,-0.0718596813955596,-0.0695696469997562,-0.0852879913799934,-0.0392768838182573,-0.00623601915542973,0.0349353814994332,0.0133028606337611,0.00307986596405873,-0.0188615806813589,-0.0721184989104811,0.211465673798286,0.079120860783069,0.113856113500419
-0.0196735293402909,0.0804279078164153,0.208909662226626,0.0206507406625402,-0.00825357092201423,0.0445228357989557,0.137524750939721,-0.0757669992168944,-0.0588259130486309,0.214148315966919,0.00721034086361404,0.0685608340236225,0.203050531572789,-0.0723081332941187,-0.130759122165113,0.130333120605971,0.283241457511073,-0.0152678852324524,-0.146770879638307,-0.0847741942606459,-0.019816313650553,0.144033366209106,-0.0308996246856134,0.0135708721292716,0.100011863065774,-0.100998549720542,-0.122458590847894,0.203515925582383,0.0163363057541689,0.21341796891103,0.227930370383398,-0.0529028636149001,0.0663439449183248,-0.00157613701412853,0.0708715838723502,-0.114705108758984,-0.10031168296314,0.0106422044416068,0.0725734782867341,-0.181439700696866,0.0762629134410577,-0.196271419286761,-0.0345594354153739,-0.0665818353730968,-0.122073179852447,-0.301534239699171,0.0491401053771707,0.0770127299941956,0.10870042394045,0.0340410959065542,-0.347576974614004,-0.0502869313599505,-0.105793389944702,-0.0325540474179394,-0.19461797486745,-0.162199677903501,0.0841254631401383,-0.0493520635242299,0.0868394286450797,0.119250006877864
-0.0273520999377348,0.0325518581276241,0.0387925748863129,0.124330349572377,-0.25875864141489,-0.0246541823846583,-0.0770660018875874,0.0942778538708526,-0.119983917117501,-0.0633850137957041,0.0114329614022254,0.133588742131888,0.0111339389478907,0.011110210199035,0.189964716370108,0.0885240835645485,0.046936406602342,-0.0651410064667624,-0.0457881486738405,0.0335934404512344,0.105975634414673,-0.168955598365386,0.0576622612973693,-0.0750883651837104,0.209206579767515,0.00417775278051639,0.101395772450799,0.0755260494560491,-0.0735964742237148,0.0800007781551497,-0.0205251635762159,0.426706453728269,0.245871343216598,-0.192144927934891,0.201200166228886,-0.0195185901657567,0.288683356106195,0.0172959679075261,-0.0104568246334188,-0.025693062410952,0.0038962024500688,0.0793054588951784,0.0493738628238988,-0.0412522899241879,0.174652536859311,0.227943133800201,0.153284694227925,0.0122147057542563,-0.138012139498676,0.0608866451632952,-0.0674422538282673,-0.0419800740744644,0.111297688565792,-0.121147894268045,-0.246210471342017,-0.157542332370779,-0.0189521814387556,0.0092988608525325,0.121675512383506,0.0988304805598788
-0.0223998724592656,0.0634773542851552,0.0572845370696719,-0.0243684341289722,-0.235186941785931,-0.0409084669089358,-0.0595881760165779,0.164969571671978,-0.0380940357218749,0.0955970724964787,0.141252665787939,0.043680811885994,0.0184499879473569,0.00132594609915112,0.0513014609620399,-0.0988375158659425,0.0678815748225489,0.0368105008183862,-0.0691112015205183,-0.111975256342504,-0.278361957182107,0.121454656813193,-0.0829778497989186,0.0287508115230402,0.0183784445175838,0.127259616105658,0.182993785601203,-0.294155831473418,-0.144345585934643,-0.111856001755552,0.0721078349884474,-0.310874924875103,-0.123244488253551,0.147270386476014,-0.176576987403125,-0.0752415591392039,0.0707623037237542,0.00496962697815531,0.0920109298993136,0.316514538575619,0.132854781952763,-0.073548388394209,0.105004460096444,0.105788230640096,0.151093722569453,0.158567605926277,-0.144356573451303,-0.0083776187836378,-0.0271335269399925,0.00120782538512797,-0.0942550013869793,-0.11968400381631,-0.0163935328582266,-0.112263716422456,-0.260897972448297,-0.189269692153467,0.00252890016341605,-0.033667503435989,0.101308973287574,0.100079203769765
-0.00672940247825152,0.151260959569237,-0.131865421086064,0.0374416834037819,-0.130925201728509,-0.205076487886912,0.138033654016264,-0.0611528432041308,0.0775589779240658,-0.0593073949762804,-0.209008783932449,0.224071530428894,0.0778541844034045,-0.287850139547791,-0.107516293819345,-0.0535686266878046,-0.0846029437826488,-0.0886671412958847,-0.103710594993791,-0.105648370331637,0.0188964707927441,0.146172997330972,0.0391697851355951,0.163694373547211,0.0882772168147865,-0.0426438574880704,-0.0357451680136855,-0.0138520457541805,-0.0335638597736939,-0.294544609993182,-0.0585525727157845,0.13050884677108,-0.0507468295151877,-0.0587408840617232,0.0675029939529166,0.164180494914053,0.105631018356163,0.0398642298731132,0.101658161051818,0.142603901953687,-0.131644761596572,-0.000414460406482638,0.0631839592854828,0.0463368873307039,-0.0287332984649246,-0.199435635619381,0.0681701440884443,-0.137463172564165,0.0303111010433091,-0.341549769240728,0.125115989974483,0.153750861262197,-0.232294979973733,-0.118034529784324,-0.0415325368998994,0.0417594869789221,0.169126331221459,-0.151696244081385,0.0429285786510585,0.113346251021309
-0.0134333005483087,0.171784207536853,0.0590310408353668,0.0362914442586541,-0.00787725811577476,0.226178075749541,0.27220941961867,0.0218147313862235,-0.0218413766332188,0.0414102273642792,0.0994559610155013,0.0740240529873907,-0.0275100503813619,0.109285800564361,0.00754893011615025,0.0274597227430559,0.15397972798876,-0.0601540553684381,-0.134818534372845,0.242688577777341,-0.0636077223731468,-0.223363170437141,0.0133687804292846,0.233934426928584,0.321573942662223,0.129287678844535,-0.164684652821423,-0.106821369641942,0.198966521181583,-0.201707174455134,-0.0555337393391945,-0.0465367013891183,-0.0630985175092591,0.11311001183973,0.22757582063742,0.116373785369813,-0.0880387274814112,-0.128014755496236,0.0217962400254161,0.119469567998455,0.0551946058572939,0.0904171127668346,-0.0874113770390502,0.0572303931310712,0.0203372741509142,0.159733441591458,0.079862369294513,0.122642825613536,0.0834137805835825,0.0843708892381017,-0.0199448651662497,-0.0890493520813887,-0.037848311431648,0.209628796940325,0.186196298033491,0.0768083160330592,0.0409376220797678,-0.174775675955753,0.101710203794594,0.0990994878423993
-0.0276787898411098,0.043463096296625,0.061397821568785,0.0409647425084193,0.206682687814293,-0.033187118901586,0.222040266461949,-0.147242246508668,0.0711050912479635,0.141100898645764,-0.163251142632606,0.101347898647665,-0.11681126544925,-0.085777514649401,-0.0483178152609994,0.145740544015348,-0.0946901717019289,-0.202378656627359,0.165613890274703,-0.0384751924109874,-0.126151444301184,0.0331519404981335,0.0897284459895932,-0.223875198406524,-0.0461494305837224,0.0822559610208324,0.210894140645333,0.101974419777101,0.187867651583898,0.235127341813079,-0.0691514574725285,-0.143945000620068,0.0451351300715255,-0.062232937678882,0.159364333586105,-0.103464628063085,-0.0350601306711741,-0.00704737158696916,-0.0358568629214154,0.246299757834238,0.0540800831082567,-0.0604224440537214,0.152765536385992,-0.113236367775856,0.202266529141608,0.220589130884224,-0.0912921253816443,-0.0165255549533006,0.00179307424579622,-0.121315176060605,-0.0814980556167013,0.289655179067364,0.0862743716495148,0.18219898083697,-0.0455644968970425,0.102083372961327,0.0926561281439669,0.00211719655204855,0.119026231571025,0.0972191286583241
-0.0281621556246086,0.0108321255006114,0.00318764479176308,0.0258523714801893,-0.0248440744933485,0.0384165062496081,0.0767115360193667,-0.00121455891341958,-0.0269797739474369,0.110939702123493,0.0342513012883128,0.0390662839527353,-0.00770842435837389,-0.0300914004665128,-0.125156746238497,0.00235496678950564,0.0279943124819515,0.0274924195329336,-0.0348578633857083,-0.0685866298461642,0.0480421581400366,-0.0473709644552323,-0.51317027626537,-0.101192369147981,0.000644267912916784,0.0566263213436248,0.187983365303079,0.0157331111010006,0.0475429916100541,0.000903804313303586,-0.427011049995074,0.127111255302273,-0.171169041038454,0.266453638380933,0.0239521191442346,0.0212087834015883,-0.0626711594182977,0.464932622428845,-0.131290611332552,-0.10725070242872,-0.107126547227448,-0.0605162334411353,-0.0400333503507123,0.0452210232385368,-0.122851096870217,0.0446224204792724,0.122872970306273,0.0311389731736534,-0.00844992181694946,0.0198714805075865,-0.023273332598456,0.0174612089730412,0.0789190218020519,-0.0421846504358752,-0.0205280284499628,0.00228383941400486,0.000308721329275771,0.038507221703862,0.103830993617394,0.0939209893691823
-0.00256316625744374,0.0454810773003704,0.18413907890455,-0.0970230330421607,-0.0105280606921897,0.0114340042931548,0.00973713219231182,0.319307701728118,0.0518835481109758,-0.256689644343751,0.199575439049814,0.0626770261037456,-0.133438209815765,-0.197422086291047,-0.11824670621132,-0.102324724371959,-0.0592491088001202,-0.215848671998078,0.0178751413148681,-0.00742620362493713,0.00597495138127291,0.0876398837872502,-0.0948520013562992,-0.150647864059062,-0.0308372341527472,0.0591659474869359,-0.0990419536467656,-0.0322662401650931,-0.0226033208088155,0.0555671126779591,-0.104272663495322,0.0737590538563305,-0.0830482001996954,-0.161552968573595,0.0603637954821584,-0.157405983290479,0.00248518863909148,-0.0583162832600542,-0.19538828878614,0.107847214978868,0.140755214699649,-0.000962463388329671,-0.0412497234272332,-0.186352057704452,0.073404427829881,-0.334729045665757,-0.041088697644888,0.29815976558966,-0.00130177893492592,0.0562042917848032,0.240174137714333,-0.14014492817802,0.0847377683360839,0.130581816960461,-0.0274833840969851,-0.0319932990079401,0.136889491710995,-0.0843322194467725,-0.0786275276471463,0.127348521819006
-0.0178736789750512,-0.118739295224041,-0.0263888921702541,0.0936211714096274,-0.0994461810387535,0.134692538892823,-0.0188569224354747,-0.0638844372753696,-0.0860297358603853,0.100557851756179,0.0479116616020967,0.10778970844576,-0.0915449897459127,0.0966555413989918,-0.106861102364959,0.174520652826317,-0.255370263809688,0.1230456868906,0.222754080360457,-0.00713044438877189,0.0571581245978618,-0.0242498783728242,0.0631383133675571,-0.00556647199152274,0.187613644165735,0.093222722867004,-0.13899083716226,-0.0848808462506275,0.00854853485520415,0.0946745233769075,-0.00428603535424996,-0.187174781598493,0.315412184284681,0.0681378612172888,-0.170312481817858,0.16356078165349,0.133830058407878,0.126570807804522,-0.150610967169031,0.257697248491401,-0.153421891177466,0.0542914733275483,0.0179453363769567,0.176528515446275,0.0543343726427598,-0.344638822264496,0.210343429841858,0.141103410950353,0.0168200701446266,-0.0516726571738632,-0.0988198034190978,-0.0428635926776163,0.0262824155203862,0.0473540043635431,-0.0410314774779557,0.0514940319542164,-0.0526323780055406,0.132358840037012,-0.104783249772903,0.142733146266592
-0.0170506911472547,-0.189679752047144,-0.00863353253743031,-0.275893807277499,0.166450179654419,-0.161429902164736,-0.00357713149470879,0.225045125234124,0.0312213813208696,0.145757110627524,-0.073436951659975,0.0897712505519524,0.404660539454462,-0.099203168341488,0.0146908703643601,0.166615379325212,0.119057142790897,-0.138694930415092,-0.0248664633020266,0.134840251509255,-0.0568992970495503,-0.0766687583386684,-0.113785447665192,0.00436785636824247,-0.036263457495111,-0.042234970653872,-0.161507082154823,-0.176099530007919,-0.140989521982001,-0.063467094949438,-0.0271882907774625,0.0264248424127281,0.00977706131070856,-0.0636544764665,0.0230167617986765,-0.0593551895997425,0.134637826452628,0.0664021914966863,-0.0759430656114763,0.0167686943334876,0.0503506575926229,0.232248266009339,0.0221244799429843,0.159893096490251,0.0523033182319169,-0.0239900137741996,-0.0223245002781236,-0.215232968365568,0.000400299418441691,0.06251138680595,-0.0894486357848214,0.152931750301802,0.0313966585886297,0.294012490098366,0.0772384099931274,-0.0966151322479971,-0.0429971584059269,0.207901704084712,-0.129199963523829,0.129630573334551
0.0144687160112482,0.0577520183606752,-0.139462587755112,-0.135696834174417,0.0185343401231706,0.00266984231622701,0.0833100339165294,0.1336307756149,-0.401629173621363,-0.102481695627149,-0.0352224622925675,-0.403509737131021,0.0625621876059432,-0.0460839753070284,-0.0399410142792938,0.0282050780732267,-0.0655397928283192,-0.107811281948148,-0.0960509624492454,0.0146486156480744,0.0561765925136762,0.0587614021871381,0.0468372204593142,-0.0669120576072836,0.190293496294903,0.0258395501124967,0.0856921865257285,-0.026536512992205,0.0631013015187594,0.18806611822024,0.00492552381829756,-0.0474128788685086,-0.141963810785492,-0.0501961233301679,0.145093148360499,0.0457620395086521,0.0277801484217774,0.0921805674437559,0.132920919764478,-0.0649178072484131,-0.0965658309421478,-0.0324997421084852,-0.0513786584550529,0.225645396430212,0.136015032710696,-0.0500759356763232,-0.184063729363752,0.100226571639045,-0.13667626748954,0.0320624978377476,-0.00878604922981739,0.0930080523863522,-0.210567800848928,-0.0502768590213187,-0.133519935837419,0.244212277756021,-0.218417011046763,-0.0863522939980916,-0.171525340548814,0.144096368602311
0.00913155984441049,-0.00305899212671772,0.219804529480676,-0.0454412267680309,0.235611124924445,-0.265943783450504,-0.0527435251197408,0.21917187770665,0.122770892463652,0.1826246830465,0.055275088479984,0.0749639658064484,-0.22725173914489,-0.0339848004989447,0.0247481037982503,-0.0282096762628158,0.0140814320638652,0.220742468137148,-0.145386039947443,-0.171270169551637,0.119205521746026,-0.165689757685735,0.083162970675894,-0.124549566715155,-0.00432599535068386,0.0631229503175287,-0.132268384641678,0.120250926986329,0.0181255334440039,-0.0594957748833107,-0.000353469084166357,-0.0631361737388974,-0.0420180781684207,-0.064906555108751,0.0635452420989367,0.182230643650518,-0.0491604622998048,0.0611584315491774,0.0639221846433519,0.0939942111482728,-0.0399660224017483,-0.217887122331095,0.184000946750126,-0.0111712458753547,-0.00206139395366425,0.0980137788109642,0.182683141695057,-0.0901475432914609,-0.310511356965276,0.18197166387913,-0.0343860736531871,-0.105037484826192,-0.238703423466714,-0.0144004840477291,0.0632791806517123,0.045409826770312,-0.0242125788992164,-0.0350571163448706,-0.184841686450023,0.128130083374205
0.018108773135403,0.0325791972879078,0.172418679344466,0.0404354201108688,0.220412553551909,0.208414936651182,0.0427868410742341,0.0761045831746305,0.117711494780616,0.0154954049376134,-0.353253093521607,-0.217249887139633,0.119701027194618,-0.0180607090076677,0.110657769545683,-0.0457236008735349,-0.140170366875322,-0.0831164703358388,-0.129517919648266,0.0803577313691877,0.0957169270265642,0.0476644775350978,-0.159237385058981,-0.0223113013736062,0.136824931250932,0.139855811202369,-0.0973137677433919,0.0711381863011854,-0.133692179483622,-0.00570809874665394,0.0426584813039538,-0.0425058678387834,0.0681910935494836,-0.0118471663646501,-0.0842569648698273,0.00177887245492625,0.157110454555734,0.0482249375883196,0.0920699545312836,0.146004524256383,0.0616611627203356,-0.0707250356492373,0.107762455730009,-0.177300078015412,-0.192007434649037,0.150350927880319,0.0380582683072065,0.0127403449892553,0.22425201500149,-0.206373146172807,0.0590220681351504,-0.170889443155938,0.207476036261593,-0.169907985133076,-0.00154567930255751,-0.0446685338457896,-0.207860126588606,-0.0794358903562062,-0.208774604660187,0.130006805373657
-0.00262288584854067,-0.155389943607954,0.172623256327048,0.0958211147847808,-0.115155086873093,-0.00899597729088204,0.0595493848987017,0.0914780929265525,0.194466578611788,-0.0474293185073806,0.017501770598296,-0.00880519409209457,0.153228588886148,0.00845016859563595,-0.263634345895007,-0.0697304338405126,0.180108064937205,0.307041061056634,0.0751942646079299,0.00648334984870478,-0.104119013498511,0.138506479941092,0.162509498741067,-0.0394636384011417,0.165099388048124,0.0396489231573608,0.130299345106524,-0.0678006162194137,0.083691949168997,0.147251047601305,0.049040575640579,-0.0167682750833098,-0.0685365831960787,-0.107761345781227,0.0652079375704372,-0.108844170806706,-0.0716651390493518,0.0107226688895491,-0.0216776067630852,-0.138807823399797,-0.184055852343608,0.056511298079585,-0.21091489204268,0.0800949104446671,0.00265960189222035,0.254377654676709,0.112985728068533,-0.0273305419173321,-0.031885986767279,-0.332277132631917,0.199504515203949,-0.151755683904895,0.0295068303003588,0.0822723417632553,-0.037238963589035,0.0624717940336488,0.092781219018472,0.143038921603908,-0.209462428386507,0.131686318391998
0.0197889140210508,0.119188916674166,0.0101903638201221,-0.00223912409082393,0.00198321675596939,-0.0681325649878928,-0.096022122028398,-0.0726533496501192,0.0934748382030507,0.0698628374428938,0.141663102395752,0.123854169394347,-0.0681530994527571,0.119512404130241,0.118895649670815,-0.282990711880268,0.0408602098586921,-0.258639823479484,0.213389565822807,0.151341572290634,-0.0913824148753394,0.188489567024251,0.0519028136783341,-0.0418000481123711,-0.0578151033781825,-0.16517932654309,-0.286052588627731,0.156627427945777,-0.0566390587959663,-0.00778638746004245,-0.303848642957661,-0.138152846663699,0.0841012243912314,0.136941266987835,0.0328941714114623,-0.0681305652981776,0.10945450897778,-0.03077031133122,0.0215530722278662,-0.256407790332748,-0.195894420864913,0.0480455772092686,0.0885740186802695,0.149249945424965,0.0720736885530738,0.14106476525217,-0.0474038699223251,0.0481821110588137,0.00593187156455694,-0.100837658185844,-0.148765696762772,-0.0660853447046912,-0.0239058619050703,-0.00403529650850977,-0.0997433135292555,-0.000601320149459237,-0.045663150311038,-0.197262737952208,-0.215251611416319,0.145822219629698
-0.00390128337940919,-0.13743613503834,0.227653841915822,0.116648536881506,-0.0211341416008625,0.127825746389053,-0.000563017538420217,-0.225795865194717,0.0388612948490967,0.0277231413555801,0.089440355683891,-0.0427590151139937,-0.212958089314762,-0.244268404434706,0.189530481337167,-0.0183977466560233,0.0307810960878251,0.132717369341714,-0.0391585270705567,-0.042529369335324,-0.370918621238045,-0.139282119818264,-0.109123358444675,0.203241898085675,0.0658059006615372,-0.124702519250369,-0.00298129429024342,0.0773900660667718,0.0405524318368813,-0.0123495903736092,-0.00542642839200579,0.0896390240034865,-0.185840466232695,-0.0802977832919832,-0.05992298150706,0.0913139100538218,0.313739120517352,-0.0611144720753299,0.0317868491135927,-0.0756106173356889,0.0180718320778694,-0.11889079171178,-0.0723955899590238,0.0329675640111711,-0.00754796194725976,-0.0901587305268001,-0.153058088775839,0.09973562978929,-0.0449927850092596,0.0107909149934866,0.040741550848815,0.314178754996881,0.0634070807811192,0.0484614634686202,0.0400196005928672,-0.064848864515767,-0.110400022064202,0.129567299317072,-0.203189449815932,0.132529712085792
0.00405740990863558,-0.0798045357329921,-0.221726663378148,-4.92246192807088e-05,-0.0205165507129233,0.138490985639566,0.011734060960083,0.162579527633855,0.027447735576819,0.156648282829546,-0.0668685474403674,0.196081386632037,0.00600764341934521,0.0306569394250996,0.122833984900888,0.0183311736373901,-0.0529774686112605,0.0404760645381543,-0.0121166386849833,0.372191652565749,0.221995491756494,0.165954954714508,-0.0318944585307172,0.159764217971586,-0.15397513150543,-0.0668536650134078,0.0937869845882847,-0.00404659825421094,0.138637017191451,0.0644519345461103,0.048361667130216,-0.0596315481050274,-0.0762710125770517,-0.0736285701138057,-0.0450572916817873,0.218079124802851,0.00102289293696767,-0.0335610125192562,-0.156888209330213,-0.0296160430778405,0.131248218396395,-0.217133541264535,-0.0811009388085456,-0.0281828587949793,-0.0561340446859087,0.140998364305873,-0.0312072601503048,0.0925578756756406,0.0691287855168288,0.170413872061847,0.10211544466298,0.1268629779049,-0.08546667375045,-0.113896371734025,-0.262972696694785,0.016268083868312,0.295723068403487,0.0821703360847692,-0.208749358270312,0.146105775650712
-0.00849835844306045,-0.0710637393323571,-0.235457602423225,0.0105736082001278,-0.18952491878784,0.167228265464313,0.0233693988607908,0.109162174771472,-0.048060613423248,0.045799112989159,-0.0270271544616522,-0.0796947537148458,-0.15284699333733,0.0687544983950511,-0.0173877902674758,-0.000779916475158885,0.258467049308139,-0.0667652784909569,0.00297003499939125,-0.131417044922625,-0.118326057577434,-0.145522054885831,0.0614811177183578,-0.0768947206524979,0.0721813504484414,0.157363659698856,-0.156997047177433,0.209516154502269,0.0537123840488241,0.146401656625179,-0.0325728584288098,0.0418955692772233,0.110769180522249,0.16881397755006,-0.0251895321489492,-0.0121209844784777,-0.000972598996315202,0.0377332204507561,0.0722089536788703,0.0434332842656221,-0.0353961204594208,0.0953490269151217,0.260202139140054,-0.0671278914652997,-0.226509813303424,-0.0726101409049617,-0.297441911868044,-0.318516606365716,0.0357878210418031,0.0558723736154003,0.28888463575762,-0.0322723833378533,-0.0429687987612115,0.039236377165995,-0.0354983076034874,-0.0540623442431118,0.229556139456311,0.0972940677295287,-0.0860342558999791,0.137353801627641
-0.015303287564388,-0.0520311058949518,-0.000302009075570745,0.0302724962045411,0.00352330335637523,0.0122944715957827,-0.0936058465849307,-0.0269580438404714,-0.044142166807138,0.0942431994827455,-0.0311262639066067,-0.0255860494355531,-0.106898750571365,0.108161285836145,-0.0839388197681133,0.155107187996865,-0.198803813952655,-0.175076690653186,-0.410627509118159,-0.14100489181694,-0.33026732926633,0.188101791160703,0.0202875342687699,0.0567945888212917,-0.0349785439253414,-0.149879825423747,0.121208167405292,0.0239325585103796,-0.00503310006162383,-0.167246717843388,-0.108356785808793,0.0936608176105011,0.258513737897602,-0.161529883580613,-0.0156687694099377,-0.0652815231265952,-0.321032758101288,-0.114302455576494,-0.173380475497052,0.0408076210589057,-0.0947064207461052,0.161700932126654,-0.022955098694734,0.0649134455565727,-0.224130103091576,0.125718376993787,0.0290319628844565,0.0918474623641843,0.00263063347945208,0.129481834760044,0.0221861970760115,-0.028663116001973,-0.0543676989599483,-0.00112265695584458,-0.0601234249772545,0.0150302967685458,-0.0711160274668059,0.0565635049566398,-0.108005717023978,0.142521388546988
-0.00749996984048025,0.027396878616477,-0.254008305568944,0.170982764053,0.0682909119233968,-0.0602137864696384,0.00338732558464216,-0.182414677673802,-0.0363874881631472,-0.131446089746403,-0.0428169966075532,0.125805924597038,0.0224533759779745,-0.117370008032637,0.171085153846663,-0.176628002057306,0.131856021675309,0.0759928733482566,-0.0889281422572645,-0.105409941467032,-0.0354252982277181,0.141891366144132,-0.0332420584220729,-0.0279729245007601,-0.0592737874911642,0.0918422582920037,-0.0520890092438117,-0.0378305306742696,0.0902239295842709,0.163901814551213,0.0516183502514338,-0.0930647280451203,0.000325775138001696,-0.22840935916049,-0.122715184874594,0.226205177641204,-0.145706114506201,0.32129258512723,0.206224500167167,-0.0364498137127848,0.0907965793201304,0.326010205119964,0.017955934313079,-0.137540165916269,0.132820095899743,0.0534619579822167,0.0902162696994593,0.165337927804992,0.0864448641009495,0.128621007150403,0.0340158819551417,-0.0845686785739955,-0.0349350198700266,0.209049992173745,0.0430095884732277,-0.184387350706123,-0.115692907522881,-0.0275745767995662,-0.0524339359365766,0.136112352787001
-0.00780748424571328,-0.0103766815717675,-0.112578014203701,0.108239017080609,-0.157453396235202,0.194667726840852,0.282149481045791,-0.030178452041751,-0.149365748812732,-0.0663094073541184,0.115619452827969,0.067162613023183,0.284220988859198,-0.158598245264174,0.0875887575883479,-0.0913551819876363,0.0266440185823618,0.13762942138211,0.106541638490755,-0.0652767067596712,-0.0935046818374845,-0.163373799110078,-0.000236495051312267,-0.189030253672265,-0.289589721535638,-0.159473866249562,-0.0954090972664234,0.0616340480441526,-0.00965562965901095,-0.129426578951939,-0.0321479457994276,-0.0670366540905985,0.0598909943981075,0.0537541868834686,0.0300195151530493,-0.156702672286064,-0.0496274732896939,-0.0988108891705186,-0.129113230515528,0.129517143349078,0.168463255940622,0.00594329992448194,-0.0326250369911423,-0.200132468212877,-0.0543702286260781,0.0466704804957311,0.201647248500028,-0.10168071367543,-0.094727128633806,0.0107928478597126,0.0101578529866809,0.00679427503627526,-0.133386808361959,-0.11917402243598,-0.0590015185634483,0.259203009145768,-0.256988723239145,-0.00378981216780135,-0.11957725721951,0.138455291050085
0.0125622013425118,0.113655679545209,0.0368821141606506,0.00139581133063567,-0.130778241679252,-0.0730871505916532,-0.276077100714621,-0.0115947218031339,0.0543960596939736,0.0836353247073882,0.0105177268176762,-0.0994560824777604,-0.0464110461636242,0.115687818918558,-0.111454279716244,0.00422755732422487,0.131881480891327,0.159871132186135,-0.0559758389118474,0.115993759802808,0.151921470396998,0.0357280408282104,-0.224525849877943,0.0486851570998192,-0.0642784428202409,-0.255558662488071,0.184370613791624,0.187197502215487,0.139980750335763,-0.109790233031086,0.0200607614674243,-0.0776128406573219,0.259624882834677,-0.018223987915718,0.120330886585003,-0.0554310678932947,0.101678603117767,0.114255420073889,0.0961064342358891,0.270904185618891,0.0809742046067748,0.0963506455280407,-0.267951165565939,-0.169451012744404,0.172877551806104,-0.0994198587792868,-0.22955631750381,-0.143952522612965,0.00126338772570123,-0.0398589176149798,-0.0415281718157844,-0.0169328543335303,0.00760006855034859,0.0923407066904584,0.160662430524094,0.089238080468767,-0.0172628455921309,-0.156057093783531,-0.122742405826727,0.138103573912286
-0.000592542586212013,0.0659239011233401,-0.301837884085978,0.101049582753192,0.000828625660956175,-0.0630134088221295,-0.0648649208330252,-0.10720807987588,0.0117900560062233,-0.105969677602871,-0.0443517837631665,0.0005924909428728,-0.158046288791843,-0.0439477902149366,-0.148940949851546,0.245603240682981,-0.0703706606220364,0.0856958710017071,0.0177666444128878,0.146098431153746,-0.028988031766692,0.104972278174884,0.230096384873793,-0.104666808804886,0.0957250548589453,-0.151196031731509,0.0537349299062168,-0.0473089542722808,-0.247363888516548,-0.128083578961798,0.137864324141525,-0.0778962558717394,-0.226718292888468,0.229797737534996,0.269588926170925,-0.120844261385708,0.126285502302461,0.133363336585564,-0.0799556744987368,-0.0466506161885363,0.0858786726033137,-0.115398668549078,0.0459741551858247,-0.119587830659833,-0.209575093963362,0.0187183879384632,0.0667579357575677,0.00551424590259816,-0.104525723095356,0.0900097708227533,-0.00808282962031318,-0.0596993396673428,0.13897352360764,0.216642823887581,0.0233320845798952,-0.211829654575439,-0.106272113650591,-0.0865779034445218,-0.102834415881673,0.137974526047961
-0.00573626331427226,-0.0222261325894813,0.00726889783546765,-0.0443790915486472,-0.0212533357551091,-0.345640735165789,0.101662469855306,-0.185882143473842,0.0487686859009962,-0.133961007481386,0.262507256941593,-0.0512505512951093,0.00879000183127926,-0.102190793247981,-0.132650716774856,0.157883449057932,0.162648727721471,-0.00610782945045797,0.0966074014181526,0.0674845682845924,0.0456609496002132,-0.0509367979293407,0.14435681693328,0.0907966754744151,0.0112480771783911,0.0469023128739489,0.0680714909869404,0.0302336323050818,-0.010773750616091,-0.00729702854403223,-0.102203761829969,0.0335763013597662,-0.0452870606084443,-0.178980669106263,-0.0537159134587722,0.0545512799408772,0.0300538195318674,0.0822966519704535,-0.0410743117249488,0.103899250859464,0.131438382200702,0.0333660622386585,0.163835615527601,0.104694938631219,-0.15110798300795,0.0717016097912681,-0.123925511482355,0.0179119077259692,0.342237184985732,0.170239567406529,-0.153499049434478,-0.141996592097,0.195641780024344,-0.329915141539275,0.0860562794125473,0.241254142398408,0.0205676010928994,0.0380131491820874,-0.0977078101882914,0.141617108105655
-0.00074100664152144,-0.0535904813924548,0.278549684750951,-0.246605907692562,-0.206976253498261,-0.212334285809454,0.220260612293449,-0.252435325918771,-0.291914908431634,-0.131289928726402,-0.0356066410798028,-0.036375051550118,0.0824763930573783,0.209610840494261,-0.0056000028090003,-0.0824636756826801,-0.158856341826809,-0.00471832523268747,0.00156122962817688,0.0966807860857533,0.0695664632919385,-0.0111835860711707,-0.0193852498237698,-0.158859425776172,0.00739145641854946,-0.0652339548749736,0.00180278164463812,0.0418919906876169,0.0364650668867918,-0.0275759474417555,0.000533230909163549,-0.1085819309703,0.0424635384576247,0.0814818302716588,-0.00430391073163675,0.0313888380567051,-0.0791832073391588,-0.0413210591558178,0.0658008207229898,0.0237916362213355,-0.0125228202223674,-0.0573214417669764,-0.0030509439987061,-0.0250433610229025,0.0264002539289285,0.0607130397450252,0.0987985078426684,-0.0109678878878312,0.0411643448858978,0.0920444356697658,0.224018936712338,0.150309987135101,-0.0141804571282464,-0.0970918713954071,0.204432129862295,-0.426979601409312,0.137921638070739,0.0452714499589327,-0.115953559461421,0.137687332842324
0.00399450814376338,0.0384147236024807,-0.278847909078936,0.0591533255105612,0.0935650119142192,-0.116437632877547,-0.0754043000429379,-0.0825045241006751,0.0617366625770813,-0.0365986031258396,-0.0622352714667989,-0.0395571861363541,0.183719554503844,-0.0410891606848271,-0.0520751320946485,-0.230686214349225,-0.00676462593078326,-0.114456361375227,0.153856922924503,-0.173952985907726,0.0156556750525258,-0.13344301595698,-0.148839574074772,0.130061217023681,0.0483497109546449,0.13478767351711,0.233080773566851,0.189295977198561,0.214718583350891,0.0177503317855328,0.093555450988616,0.141758706519364,0.00332981281212414,0.0474509890610989,-0.0546245576226636,-0.0891465584492709,-0.0226035285527899,-0.316677501770965,-0.114774847749893,0.109215692936034,-0.00702527719881054,-0.251506360576358,-0.0194864056551622,0.288552063729923,0.0251579831489773,-0.0498736630449771,0.132981131854925,-0.028195536705311,0.00240839706224943,0.117050546737108,-0.029106596506597,-0.167114302537016,0.0710349371969417,0.160469247771038,0.0297241859754746,-0.195678360083412,-0.0658936227519325,-0.062510303965758,-0.152203160237297,0.137317429781409
0.012957408991171,0.165572875943012,0.0769255831783248,-0.0691579196762697,-0.181319023587195,-0.0520001542721956,-0.23256246780774,-0.0458377439111209,0.0141338199897823,-0.0689034863725844,-0.0238300729428697,0.0663359620578167,0.0732134854062437,0.152543966392033,-0.0403250859834857,0.200868422783693,-0.154229256403189,-0.00356118495940178,0.057367864945505,-0.179567788977986,-0.060563356147871,-0.0568165176621513,-0.174254425565612,0.227039438648861,-0.144586700391784,0.117980027116263,-0.0761693473892975,-0.36704369375321,0.205605822719636,0.313826967485768,0.0851002626950643,0.0261179304844349,-0.0736227713130082,0.0146755585229225,0.0659926595018313,-0.044344976564807,0.10646491163141,-0.0821029789525154,-0.0438777591065864,-0.171711277997738,-0.00530402706135759,0.0384159984665669,0.189000940930271,-0.22679395714868,-0.118486397447265,0.0701439585330624,0.092368285327139,-0.0762740612211175,0.00270394017951857,-0.0104054822662346,-0.0451343794085892,0.0683905992848455,-0.094085540757268,-0.00198765066891248,0.089484292924118,0.115624981057854,0.00562525927901339,-0.239470334981121,-0.142593077127922,0.138092662358417
-0.00740189914418739,-0.01650969480161,0.0103996012252439,-0.0121216774088819,0.00281045455553257,0.00486300334097836,-0.0192080639543208,0.060685620046081,0.00153236995938483,0.181568226250927,0.0257338366216728,0.0349478611027419,-0.0537380252648995,0.150934623521535,-0.24523587706855,0.0516086663227678,-0.0680738078061585,-0.218922585401877,-0.0538991367723838,-0.0484167872429833,-0.0294157278771587,-0.106031727184588,0.184708999638549,-0.0536270946914847,-0.13575784642542,0.0469358897369528,-0.0129947540948912,0.202677048459353,-0.00207930669072006,-0.0651076031637529,0.229866421436724,0.279700194899934,-0.338493708917945,0.271769878551487,-0.305819476263762,0.0414082538275431,0.0601280113262184,0.0264390554401019,0.104690178313078,0.00555944726430453,0.000188300395429931,0.22175035606819,-0.182029094449374,-0.152340763070413,0.273408281743523,0.04030552930506,0.131765177340902,0.0670175368012308,0.129155728253711,-0.0112317538210867,-0.0467237840165606,0.0339498210064471,-0.000394507420675086,-0.0805674419431748,-0.0309800918526238,0.0618038945402483,-0.0199621971150684,0.0114116315198802,-0.0990708344459812,0.153025619280864
-0.0148545131742172,-0.0420047543164463,-0.00126646387859856,0.000132295346021063,-0.09702190103967,0.0243844371378011,0.0400867489694022,-0.112802376540031,-0.0163353526699573,-0.120628085053455,-0.231007515857038,0.14707521759009,-0.249405990755991,0.0448094817879934,0.0181372578117844,0.0619486802085832,0.0979785746326242,-0.048994252899376,-0.0086099095512579,0.0903870041778786,0.0501402333465432,-0.0258708262643486,0.0275892465527478,-0.00954250221440182,-0.262833932788612,0.187559040939255,-0.255288704348523,-0.249299694747387,-0.0455151413023595,0.00305212090407872,-0.0337336379033925,0.239576980359931,0.0606142680724858,-0.0760690862149534,-0.0456614597040379,-0.269451141538935,-0.162972009684336,0.114855182649253,0.236844905313389,0.111844100943926,-0.0438020551544822,-0.349601689731928,-0.288991664637528,0.169657024421811,0.022479242247875,0.0193525044859131,-0.111805059359997,-0.0563064308790718,-0.00548586083516253,-0.00702436679969655,-0.096559184998259,-0.0583547232006848,-0.000682969916131791,0.0316897358875354,0.0160522626288422,0.028040230958058,-0.102886526486163,0.0737130468159625,-0.0365955697055526,0.145920423614525
-0.0162779971216811,-0.0336189554765914,-0.136710247564464,-0.148348577679993,0.224611681296659,0.151416797976279,-0.108671719044414,0.223154789912179,-0.205527067030257,-0.173156287622859,0.293420833616094,0.131425687807413,-0.130241076896086,-0.17281148804353,0.135071026337693,0.0511011625483437,0.0561552724850466,-0.0546949558200084,0.0168220667263716,-0.16659111696664,0.0634969420141275,0.189915174689967,0.0140639628168327,0.0253175623429905,0.117638210046271,0.0163934507194718,0.118048362272975,-0.0118579101828987,0.0554033278707338,-0.0234549295291687,0.00953617313490525,-0.0682945645778037,0.144148641159501,0.115822272986964,-0.0447425970903712,-0.0939412313947647,0.0153740390482533,-0.0851648345254734,0.267020428015216,-0.0282352690016721,-0.0485373897305098,-0.0392890718047812,-0.161305871765268,-0.0726017450667592,-0.118614749656078,0.102086168222085,0.22902596896177,-0.0986493679462398,0.047882245324488,-0.1191825238515,-0.155372564913054,0.19213823214687,0.127645678656365,-0.120894424280679,0.256929599146303,-0.00746399632519266,0.137950552329823,0.0810011382412723,-0.0258391137189904,0.143896467827631
-0.0268881811506671,-0.0559892317752273,0.114744691855586,-0.34799259605114,0.0584395313966101,0.0872913875388223,0.0824924274068678,-0.103473601495584,0.0953472425609921,-0.334197654168437,-0.0756740295826921,-0.0448445042953422,-0.195279802711613,0.105007164939357,0.231641817704526,0.0367832348370658,0.0437384260261678,0.0941701519944116,0.0996532072689533,-0.173145337874622,0.155754547283556,-0.0296562363870283,-0.029885220377711,0.0184556437998598,-0.015926575984743,-0.0532036363005961,0.15141323120132,0.0650291006278055,-0.0457557095424257,-0.110840783197076,0.0438182091271258,0.0467220779269165,-0.0725709386191305,0.0802717763375519,0.0224048644517941,0.0690345969049468,0.0264562131068909,-0.0314479443268489,-0.182108612742676,0.026498910560108,-0.0229947333529359,0.15537283327829,-0.0241324988955379,-0.0210253381555527,-0.0795670438061193,0.0405763766587598,-0.0457619069326273,-0.025703310471399,0.192988242671217,-0.119266853216382,-0.228074404364921,-0.133859878272547,-0.315436939774237,0.234310977316506,-0.282669462672097,-0.00369370513225131,0.0182084393910591,0.0918248972130633,0.0271533283947286,0.143785605886422
-0.030473670263292,-0.0630668689748437,0.0803149003411308,0.0295656713488557,-0.00229217887328408,0.0557816674403284,0.0798402281767442,0.0276226147137218,0.107699063233965,-0.0458104396022587,0.0272381933928596,0.0317183464284082,0.0344520733438585,-0.0745989761539901,-0.123440191533087,-0.254393830992776,0.0593287595522489,-0.248618228237244,-0.16685660088467,-0.015269984688377,0.163353692266684,-0.31681794333346,0.177331696297976,0.243699962349325,-0.27832196585347,-0.0868179180718623,0.286501387597637,-0.142749842021603,-0.154760163682395,0.0823462651283801,0.125025352481184,-0.194517497849004,0.218740768393656,0.13798337897082,0.132228638001953,0.0427040395696162,0.0753129032437872,0.118747104493562,0.0773884066584521,-0.0772931040236283,-0.266200154224002,-0.0430329490823329,0.0878104179297396,-0.0584399272406538,-0.0648341084457051,-0.0372822495164523,-0.0408414054108273,0.174443365785357,-0.0180576041498074,0.0385148359508801,0.0542018523423559,0.0122025393147602,0.0404936745265823,0.0421955537803873,0.0291456900623878,0.026809438717699,-0.0600991505352415,0.118033819814857,0.0662241659146654,0.145346982594307
-0.0283121659324681,-0.0964844159180695,0.0353013078327106,0.0978186743645119,-0.204652941892477,0.0325128358025586,-0.0937634136616491,0.0227505577729268,-0.00455110030393682,0.208816965930875,0.00944143560263728,0.0227798778206208,0.188504845836112,-0.0206448879197502,0.12076165172347,-0.0182379467028166,-0.110359004330148,0.0215147394755838,0.302454922638661,-0.121927983437515,0.174181072399137,0.146958398332141,-0.0629141588093573,-0.00495704485788184,0.161216565992967,0.0569436835157739,0.00438654850546782,0.026241207780572,-0.204146148022319,-0.167715768678451,0.0100820298517536,0.100583279566956,-0.172825243775746,-0.0821225640938091,0.10949663992028,-0.00611590460362786,-0.218347993991469,-0.134053312540914,0.163663258179595,0.0655427613261051,-0.315824834511008,-0.0459025734646645,0.0929924296368489,-0.252684453137534,-0.0315113229982524,0.0427306976798986,-0.230290932485027,0.179523859645469,0.0645738578785705,0.190264061264668,-0.0766837712846936,0.0337815240667426,-0.0279265947877562,0.11789166024702,0.147483979982515,0.0996128679094477,-0.0332168464578933,0.142034965319337,0.0451698030924156,0.148275218822533
-0.0108379520949906,0.0518222374354809,-0.0356435585855933,-0.0120494333388053,0.0208261380094178,-0.209286961534475,0.14538168127874,-0.234474051346406,0.0249452728354721,0.160706952879512,0.141457075501773,-0.103043093700247,0.0199579601000549,-0.03791803116675,0.403004050001568,0.086331462336782,-0.0910322949049655,-0.026304850284719,-0.179938614329324,-0.132772189133791,0.122368932563424,-0.0051104620548378,-0.100921573367305,-0.0278882625766042,0.00984346787423949,-0.00668337709372707,-0.0975721462259311,-0.0791748686002055,-0.084557607353917,0.0176256991430357,0.205145080112739,-0.0355623084928364,0.00754636819043003,0.139516895031555,-0.00898105622395648,-0.022830055551077,-0.0718267176826838,-0.0317823867507388,-0.049613014327501,-0.0662382335235714,-0.0639841088227101,0.0482134803696462,-0.163513230766162,0.0393909394318755,0.0564907488364005,-0.0554628138734939,-0.0208377373585078,-0.0583740172831752,-0.177405252265412,-0.0773557988793662,0.167716338055155,-0.15205808027436,0.373739162116284,0.0836372265791169,-0.141079019339042,0.260126265165682,0.265547160030197,-0.0457391666469923,-0.00696285936340364,0.146286689490817
-0.006265291453059,0.0792053566547858,-0.102105680689866,-0.0774314929959337,0.0526711287159846,0.173085497424675,0.011707611814161,0.0592119589038039,0.174422966429346,-0.082151526095951,-0.103153415468027,-0.324584348397388,0.0701842833342653,0.228400427443187,0.0244959317373926,0.0364168279619086,0.135997398697967,0.120012296349387,0.183859449805993,-0.0658444820960648,-0.167482566906942,-0.0549536312310485,-0.0263252722433832,0.0515581277723163,-0.168405827860096,-0.0584387650685284,-0.0361699865820045,0.0191300636113876,-0.104285365227492,-0.184864872562761,0.0659864858009549,0.083047636493356,0.03186845754396,-0.132035954751012,0.083297387993834,-0.0520080517284462,-0.102558544702276,0.157850962204513,0.107786208111467,0.0421863197633653,0.040980362352047,0.0255928783920416,0.205988857798389,0.138856627597311,0.0919341094978169,-0.0629034791368405,0.185758417324373,0.297488592184281,-0.178542284561342,-0.0254669888836787,-0.0889968522993783,0.187462141409653,0.116174843470608,-0.131193190513988,0.0380907018364569,-0.0170324028105359,0.347841965262542,-0.0715123810323577,-0.0279025848979333,0.148935006882653
-0.0135249908993253,-0.00475459588425814,-0.00633044225898012,0.164440451972124,0.20920593941866,0.249681433405642,-0.174943188512353,-0.234835713536391,-0.0996736599748975,0.000595369173737911,0.0200629703247007,-0.114772602282216,0.0740264808354966,-0.182429785380607,-0.100979317215442,-0.121672426988355,-0.202329922832281,0.0507130320555134,-0.124760293474327,0.0808745723385199,0.0265149181463923,-0.175073785565717,0.0726800723239016,-0.0622275715908157,-0.00561585745620472,0.000627717980192021,-0.0271846443798017,-0.156852909534736,-0.10431669491204,0.0678348673751363,-0.174823535520268,-0.00364928374865736,-0.131137159326644,-0.0816490985507509,0.0642631668695352,-0.0564671998769481,-0.0278629070224855,-0.0559384801427908,-0.106491072515384,0.0159200750480626,-0.0596769529523327,0.0990203128343401,-0.0399275423924208,-0.0612162274882466,0.18093136445092,-0.0159231604486649,-0.110854678213477,-0.221565545178774,-0.0322520206618262,0.00878137431152803,-0.24831371354361,-0.209596958233745,-0.143233311994467,-0.159226783314797,0.0829633620156113,-0.152368355226758,0.385344919427378,0.0517134795129585,-0.0333157838106155,0.145992221915934
-0.00883847105312732,0.123944693726359,0.140753755861425,0.437436646832341,0.143258513973746,-0.0831506364165795,0.0435821850657593,0.0990217155528608,0.269579364382371,-0.154688024035161,0.112785386288284,-0.0962248331716693,0.0431185839387734,0.104592999079314,0.0435123269729582,-0.00446650603983405,-0.0194687672656896,-0.0245085513563246,0.084227038665652,-0.0116336632331679,0.141530635873646,-0.0197580715768905,0.00870803649621903,-0.19132314592111,0.0751552804052138,0.128869952137468,0.0118175601552825,-0.152305628896117,-0.00416378481194159,-0.0566550533451688,0.0802418451848284,-0.0118390486992482,0.0787020609365427,0.0821098599886707,-0.0559032385233162,-0.0289897763852893,-0.0644384343492215,-0.0196261050373826,-0.0482524028656048,-0.0378318795542705,0.00442360852751419,0.170591160508889,-0.211685057305104,0.121643792346728,-0.167176578579812,-0.0664294609851193,-0.114266009046179,-0.134999846931053,0.0449664790876576,0.19488614510724,0.0121822686192825,0.406906128670788,-0.121566519642634,-0.102345969852584,-0.133684388696773,-0.11732459567293,-0.0498964751038507,-0.121709052671875,0.0180717362750379,0.149800223684186
-0.0440332140630219,0.0399982486979365,0.0521091716709414,0.0847411709147962,-0.102259223757863,0.0182278639041511,-0.181733652549011,-0.00647548364886082,-0.104482336281411,-0.130033219900002,0.127807795046641,-0.00306341533938508,0.140550148527623,0.194294627116145,0.068348524714325,-0.0736569911493524,0.0898184369868161,-0.237941770870011,-0.0699894225684866,0.146602186293465,-0.0397422887561841,-0.0144915420905538,0.0479074651664403,-0.169536352541031,-0.0623507922949382,-0.00143065015467199,-0.0132909060238247,0.113505148254236,0.0162556276844106,0.054702582857477,0.116834020004691,-0.0123544100071957,-0.196652312370046,-0.214949696381452,-0.185166575969555,0.289045125544644,-0.00185939168026704,0.0846230874748988,-0.185445241194991,0.162029098583067,-0.0327145237888112,-0.14722393902232,-0.0259568707059175,0.0233197764887077,-0.315435683564932,0.0215781250214677,-0.0299196251837529,-0.0504313598209025,-0.247612937155788,-0.286470557487513,-0.157166389581368,0.0281429353018223,0.0470140789741089,0.141053727279023,0.163760833337604,0.0478475011279471,0.00860574729470066,0.0123383727899593,0.195256942304496,0.129248957708307
-0.0384501405499419,0.0522820263788669,-0.243845429450971,0.0835239993939101,0.0841488962787192,-0.189561282451976,0.183888507922018,0.269290841443327,-0.00559357980254628,0.0259342593382224,0.0411609665023411,-0.00444700483368162,0.0477423684462318,0.110693908472827,0.0301814738069453,0.226597815962535,-0.172938735607177,0.177441949275339,-0.00629728530100371,-0.191051900911538,-0.0451423942798812,-0.210465758030343,-0.0200819813893409,0.0500156332986385,-0.141637662563179,-0.117755170488288,-0.16898154101417,0.108927488929853,0.00837378613520058,0.0911645848656446,-0.118590871268256,-0.101447626116319,0.00771836921872763,-0.0770627175114323,-0.00504992460022026,0.0103173675381174,0.129213493219225,-0.0773239757109886,-0.0398296123720755,-0.0638965871820847,-0.0774950392797737,-0.0614128120234421,-0.209013448879674,-0.0160594698170239,-0.00237768131024906,0.118793272737226,-0.271123788929797,0.234464442276662,0.120926620497813,-0.221379410123527,0.0147581020124242,-0.109811220710337,-0.0602698689178632,-0.076753644385778,0.129883733163211,-0.249403778407372,-0.0218109823376319,0.00689591668840557,0.206140658773719,0.134994568223551
-0.0287259328140775,0.0362229838375544,-0.0681822800516525,-0.173492879613231,0.106395659709808,0.138591764774242,-0.110920138136771,-0.17045178187198,0.0616295281845583,0.178098944593539,-0.0873871443494731,0.16572724785408,-0.106907556939331,-0.0241649937675641,0.0448765291305432,0.0711181862153456,0.320144356964428,-0.123560010659588,0.105216051170585,-0.0800509230610076,0.0359696018841657,0.0422707429974567,-0.0776895853800071,-0.177272383196151,0.0788225534815252,0.0182466914618516,0.0380964805128698,-0.132399299047478,-0.032222077062402,-0.0286262230482053,0.229042875184316,-0.0400477642201575,-0.00823137620301342,-0.0344213738738267,0.125587726512071,0.0430968318661461,-0.0106703967689834,-0.0389322257581981,-0.325053265098959,-0.0568914301762363,-0.0320778578484287,0.0636757995754579,-0.0473962011498834,0.0816221035942966,0.113335660449722,-0.012415339786812,-0.0891955776693985,0.101456829029181,-0.0629761229526327,-0.0565746143590366,0.236311598714195,-0.0508496171203899,-0.127192747710606,-0.403634365745665,0.242648761967479,-0.0621643615516602,-0.198936958879121,0.00543365906399546,0.0632756686879479,0.1363859426452
-0.0359250269651059,-0.0370808080083654,0.0855918444341608,0.13999521547427,0.129434243963581,-0.191519029484873,0.0876457156046025,0.13604822939916,-0.192795632781185,-0.175223814237755,-0.474084493849971,0.185039422838841,-0.028263081676726,0.145471118823924,-0.00613771026243769,-0.116227072761523,0.0669915394040766,0.0372254961449035,0.123281203399773,0.029175955710507,-0.240306015794028,0.0493437914059188,-0.0457797463039978,-0.0061258336167748,0.0869692268607279,-0.0305057947450054,0.119164875975578,-0.0358049063432396,0.0103478248125855,-0.0611145124615468,-0.0351347355273348,-0.0630542181790719,0.037348691836243,0.127706462698594,-0.073621381700643,0.0975713527106351,0.119554211884663,-0.130780523227486,0.00857224426752575,-0.176811354216694,0.0687394315363203,0.0850584088076645,-0.0807799907179895,-0.118108060949219,-0.0334626140687278,-0.145222690452952,-0.0881295550922999,0.00945363991263591,-0.193753591064138,0.186016716505944,-0.127300143782513,-0.171706853740066,0.105774876646737,-0.103641678562751,0.0795608030441478,0.23871452583958,0.121247895085795,0.0998473038888934,0.0787574998608767,0.138984284843366
-0.0175393648926352,0.0508515425114392,-0.147454086294107,-0.352703303311054,0.0824837640717516,-0.044416393619253,-0.0488981996297818,-0.162138201060196,0.243774242707588,0.0874840706757506,0.0804114504994203,0.0843620623067977,0.149458847803603,0.0697537658092712,0.0537257531420881,-0.01506315781206,-0.0523992484013502,0.121493284071791,-0.0343400631117077,0.225265978872258,-0.080585494728898,-0.164472735033827,0.169445935778037,-0.0210009525896634,0.200077866206937,0.174769353059032,0.182800859523823,-0.0234422011225979,0.00365745772248202,0.0667920621274447,-0.269438319268932,0.0641974572020067,0.0666401619533689,0.00482488213075391,-0.202788005998328,-0.0950981503509074,-0.0888054294117449,-0.0651378959864743,0.186278239174929,-0.0299150252934849,0.0670627305822939,0.0113875016207352,-0.0789258502132944,-0.250276650431301,-0.138662407414918,-0.190225935442673,-0.0674400640018424,0.125531905400564,-0.250669445043708,-0.0717297277279903,0.0323766812339294,0.0465922990587654,-0.0598150467862816,-0.0702085922652711,-0.124093148310578,-0.0274179751191715,-0.121690872875258,-0.0487165208356184,0.0519334030678512,0.131760007475517
-0.0231512205522101,0.0402894374395922,-0.0413596794167922,0.123691426144603,0.220129386396992,-0.154367938964775,0.057969716192114,0.0390543755927147,-0.329172740927515,0.256135529948052,0.0875881052121469,-0.16226529515894,-0.216866981378534,0.20811141366273,0.00118141193115935,-0.128468825482912,0.227810692113571,0.101101962700044,0.0718963920557854,0.133452347125266,0.020670826655286,-0.0182760370654912,-0.0163915202104106,0.0571356647742527,-0.0830449322892793,-0.0379054073275924,0.0964573072447325,-0.24408907129047,-0.0520077003353404,-0.0697447716140907,-0.0792322637835962,0.105173493515476,-0.0552328992362808,-0.19077586014923,-0.00915336812683943,-0.0370482093002279,-0.0286810561743467,-0.161026568607929,-0.0509338244277512,-0.0122442456919466,-0.111963300246209,-0.0283657272952832,0.149879259453345,-0.18610864932442,0.0103520360091372,-0.195982505101375,0.181004983021795,-0.127072517513652,0.216204871499182,-0.197237664934692,0.0957757974639189,0.0558278766121394,0.0569113855657826,0.0817983578942599,-0.155818913450755,-0.0604198985934228,-0.113561844728877,-0.00235967347585739,0.0553278262505069,0.131551886940536
-0.0220119875789327,-0.00439750659829755,0.00680974450398739,0.0837548321148618,-0.165139467194758,0.0182271451717982,-0.130337159947691,0.0105020168902063,0.0826880734094297,-0.0121566897462215,-0.140439461791251,-0.109071814550339,0.0619176560706113,-0.0819077033932868,0.0585297360891887,0.0538108690403968,0.179780960823847,0.147976285989843,-0.305620890829487,-0.0702322982774849,0.214004714308746,0.0969537704173917,0.173102089555143,-0.273190818800765,-0.039734995029048,-0.0966807527357061,0.0136796505774685,-0.150331742315459,0.0706604392225403,0.0234324112795637,-0.264278757800048,0.0830332457898137,0.0490909542036301,0.25685661329886,-0.167764926146047,0.0856196270876089,0.0282639366977617,-0.270658367063362,-0.0494773881363102,-0.088798349597677,0.163341773613983,-0.0988455775326166,0.220528017924225,0.114883681574099,0.145885031794813,-0.0293046739304844,0.000119712506548622,0.197289314977727,0.137050946202349,-0.0764223782647281,-0.0411953058481069,0.102599731530846,0.0334640547516868,0.140280094030996,0.177486332720034,0.0742762980841071,-0.00319464705667381,0.0251288946040387,0.0425078990849972,0.138614381782451
-0.0250304914755001,0.0600565829963284,0.0338048857256226,0.0129571233478353,-0.1074537784173,-0.0942975245548753,-0.188946546460149,0.107867679592263,-0.0992118450132774,-0.0815418390735022,-0.0539979339332897,-0.0271097532550806,-0.024915723260121,-0.169978759205235,0.0840363794988618,0.0364971967373049,-0.0873451604385842,0.0420197601449085,0.0251376368221887,0.144405783838191,-0.118868244611854,-0.195909981977484,0.0314124628772143,0.121738745294207,0.105772629301737,0.250182253474602,0.0275681929080017,0.200897656194497,-0.137522163660836,-0.177689063122596,0.112897420692332,-0.147710088026897,0.160986589344532,-0.00488053695708896,-0.136374691591505,-0.0911125108370327,-0.283337218261359,0.195295499190485,-0.263286811736387,-0.34330380698215,0.0846844109538916,-0.17482647885435,0.0550037218161532,-0.0622615611646995,0.244901642596429,0.0289022025298892,-0.00199691790986594,-0.0757454975842471,0.176940006533207,-0.117153892865668,0.0221476998156573,0.112902711976998,-0.0559680221961195,0.0689439517253542,0.054060946662122,0.0831457506817267,-0.00208600365590168,-0.0499586560076205,0.0457303663360756,0.138826139502055
-0.0201506383846553,-0.0178527904523966,0.0396538347557772,0.0600624418043807,-0.00434780613373875,0.0327691589146671,-0.0395542097124169,0.0336075621364448,-0.00783220232734977,0.0383274651926727,0.0120826361911934,0.133301035633297,-0.144023274569083,-0.0174759315047076,-0.13934010512162,-0.0484397126384973,-0.169081662676863,-0.0728732865982596,0.172925185861656,-0.0116452822677039,0.143764368709171,-0.205618277687395,-0.170601497875358,0.0486763521946965,0.172637734888521,-0.398274838671745,0.00435196265797171,-0.0606639784716245,-0.144439708555117,0.143292086884639,0.0658505219345844,0.0440754627798625,-0.0379802045875292,-0.0166465446807122,-0.0464730251345659,0.0481071799890144,-0.315812537898631,-0.0650641131214733,0.245606245669146,-0.0715123643957866,0.436141628382734,0.0998090559997393,0.133580928873422,0.213446626855788,-0.0652772501728316,0.0554802189708913,-0.0497103228844919,-0.0301761364200959,-0.0628091473994398,-0.202409310640513,0.0683330817732105,-0.0337877634044714,0.00383062811856091,0.0138813293295476,-0.0339741715725965,0.0294595753884242,-0.0563039733485808,0.0607163080859781,0.0291021622859539,0.13902698566779
-0.0129908198930277,0.0833937783311979,0.218535652922539,0.0661082325310478,0.129824607985501,0.218619424605553,0.111290883731489,0.0846404772144957,-0.0180713351565679,-0.114151307273144,0.0971523300956015,0.11455459012104,0.147268588533765,0.0409723120671396,0.134428572391665,0.285623679014122,-0.0488863699727794,0.0685959971228196,0.0733827188815554,0.0357112203030859,0.02959597813538,0.229077654985334,0.181808796295997,0.248167849353979,-0.194556863068969,-0.0274029543953893,0.156012139556158,0.105673912828532,0.0932033550887109,0.000578519744196703,-0.105506077754962,0.129484811144953,-0.0662640747901136,0.0903082423615186,-0.023968781598517,0.109098917556418,-0.157468553643883,0.0650327948865772,0.0226005233173226,-0.0235758217896696,-0.0594808294707796,-0.00193088962839936,0.183887257681071,0.0997413135010376,0.192625521418962,-0.165292065920085,-0.139366813107116,-0.246186898159494,-0.151240714901131,0.00492051942655426,0.136881469872244,-0.173068409780358,0.137192888361,-0.0318537557826755,0.0511874373119262,-0.148313134970447,-0.191853535731977,-0.0838898275554857,0.0284017153647032,0.132657013547603
-0.0241172423323841,0.0927585458092697,-0.06194872665821,-0.162347384375698,-0.301898229210219,0.0687781622169785,0.232047482576966,0.111636336591288,0.229375203683074,0.102765563352939,-0.121504677788201,-0.313892257436853,-0.225427355593233,-0.229902676103867,-0.0997319099397358,0.0165600590961208,0.00614150478952543,-0.0973728360965181,0.126748949058062,0.0101349690647174,0.0374729291999928,0.069498428116372,0.00129090428701929,0.0474398907499149,-0.00670534675831695,-0.0812471547330463,-0.0136316833836224,-0.0505259100633448,-0.0439000764405588,0.0799187122526996,-0.087607429720428,-0.11443615895406,0.00836072156609807,-0.178852062244381,-0.197591893942566,0.198086833877496,-0.0348998000080894,-0.133649909410387,-0.0561489262194622,-0.121048259073765,-0.0791455810840974,0.0447523323007754,-0.159951069466795,-0.0914009221457262,0.0377412578529933,0.0370408260478291,0.161660904979204,-0.259942658141265,-0.12425308471441,0.16753958491701,-0.15259793232137,-0.0253245019253614,0.133858346004215,-0.00260140399921035,0.0703686731818882,-0.116613804954946,-0.0915399659624721,-0.0685695328143467,0.137583820453335,0.116548077107734
-0.0300647055833398,-0.0241944778972147,0.00373496425990014,0.0410088489044105,-0.0362532971548921,0.0551281934685002,0.0572172255671747,-0.0211914037087676,-0.016891096280535,0.0277373439877725,-0.0559340568800744,0.0330971157521493,-0.067908237159272,0.00393297946060686,-0.00129368221707008,-0.00844930249420172,-0.0592394753551854,-0.0145135276074953,-0.0798887183454014,0.0169126524382536,0.275110563791131,-0.00793364221622541,0.0181232449992416,0.0447059193277693,0.0817354950638357,-0.085581704079271,-0.0370007083114582,0.0333474923871151,0.406599350856864,-0.250564914365098,0.0721514581866591,-0.175080545314998,-0.157334832601767,-0.211558147988552,-0.270741027929003,-0.519520976117334,0.178514798454037,0.108105238629421,-0.00804374818627719,-0.118981159785473,-0.0657911832409312,0.133836102345413,0.221411601604497,0.0608927547527128,-0.0628266815105999,0.0113845681491871,-0.0199217372562224,0.033952740704825,-0.14488640371681,0.0431693078370868,0.00541772913279322,-0.0277781562046074,-0.000134089947750864,-0.0014770260772973,0.00955711000368758,-0.00405139119416921,-0.01224931942637,0.084695803924721,0.136399577991318,0.0951988100560538
-0.036164810626652,0.0864361122923317,0.0492598281577389,-0.150970454574068,0.124398354073439,-0.0502906119803875,-0.0168312938145571,0.0573183637885573,-0.0431706847889916,0.0901835260132276,0.0451616924685481,-0.145641548025264,0.0357798304330798,-0.235121944051243,-0.0167098024971505,-0.24319078609877,-0.143803097334704,0.143920496833108,0.15855804098424,0.103893985831877,-0.16141487931654,0.0987690065853788,0.118872137847727,-0.0441961053937176,0.0288319845062657,-0.216603406504133,-0.140512340096033,-0.192112212744874,0.289740770455234,0.00378228777034429,0.240758684697554,0.365580469907196,0.21871674028051,0.20711254963582,-0.0742065958964734,0.0471430682159151,-0.00155511310775395,0.212959624262714,-0.102214412203174,0.0725004702662324,-0.0523428826294902,-0.0643262661413831,0.0516175879034065,-0.0361083876389408,-0.107438987264852,0.138581042649421,-0.13290404612563,0.047835996441704,0.0510866861050567,0.0652582907811566,0.00406019212365088,-0.0562215724315792,-0.0189688444642152,0.0263165530634031,0.00777024209874845,-0.0147204179080603,0.012979744933505,-0.0240260940825667,0.209529284625533,0.0943990625777386
-0.03681547082848,0.0151592867933025,-0.108949741249483,-0.191836399905061,0.0184070740409912,0.137886346422074,-0.103691687052023,0.023444720454141,0.144660893407504,-0.181883958589526,0.0179768336535108,0.202435046236364,0.0478562554264126,0.177765834752216,-0.133280538081994,-0.150413656486615,-0.138196350820342,0.160383332463263,-0.195356709250278,-0.0591753420214188,-0.104627580186382,-0.0886624789616584,-0.0542680396824069,-0.222079528854415,0.0761794290265602,-0.122489649620587,-0.133976706101466,0.00698422843290171,0.120954630044391,-0.052979760533318,0.0830642764345929,-0.10230832632728,-0.109729493395106,-0.138991535742559,0.174375880567418,0.127820877464234,-0.0464133041081443,-0.0449431304623331,0.0648755881318305,-0.0664153613012286,-0.175481108794679,-0.129475946737273,0.0570050760582382,0.032572210296323,0.153399954239842,-0.0917523246244237,-0.029746423963296,-0.198399159693614,0.243750289380896,0.129604226236523,-0.00490487311698878,0.111087611547744,0.337076184588662,-0.0684273090089302,-0.18608958865018,0.0919955379540068,-0.129229211441198,0.0355788327328383,0.147193903562701,0.117323309684742
-0.0213053960530637,0.146495824243201,-0.020921030397151,-0.0891687905971222,0.0651220952691903,0.115384693617797,0.17536288156177,-0.0438347895341915,-0.0307225431833096,0.0517687605875262,0.0437055632999608,0.131379742256099,-0.0106914953615849,0.185479783440504,-0.0796674136983095,-0.236670504831574,-0.070051795522273,0.223878776134894,-0.121920536458538,-0.0783921203514551,0.0507084803836301,0.197646939502679,0.0192813106978347,0.138619643687712,0.0563292600011155,0.0324955805086771,0.0289427159285542,0.125364704216294,-0.437031840238353,0.253124178089279,0.017808673716588,0.120196520927696,0.0143136124403852,-0.0955628109305917,-0.149604194299483,-0.187428566846112,0.205372513633964,0.0345275909255871,-0.149617323369142,0.0455480960124773,0.0727634376308038,-0.0100210534730239,0.00929049738913296,0.140091836317666,0.00692394720440905,0.0845372301076029,-0.00703439638030983,-0.0770038090249432,0.0297594844758143,0.174037146048607,0.0864788517548626,0.134421230490618,-0.0780755484477848,0.117011367303114,0.218888599580688,0.169580531188093,0.0298719465377921,-0.130930100074132,0.135998347484306,0.0961785259834192
-0.0314437248050762,0.130974741982671,0.179463707254724,-0.0759999220761466,-0.0270066127834501,0.0428866800523856,-0.334083898298174,0.020549107345999,-0.128234018528278,0.183042138292549,-0.207286732735664,-0.0196731506841203,0.0669598001282793,-0.115132135586348,0.170654136878295,0.0124611599558068,-0.0123148268488176,0.0143349753789552,0.159563024315134,-0.11058918959125,-0.0369620645303967,-0.114853026175257,0.288006795663817,-0.00233800347257018,-0.117700475142806,-0.0368563306865574,0.0375636213659247,0.0843235558281941,0.0232373127396385,0.049464932543317,-0.182830308336151,-0.152336337259818,-0.156094305627531,-0.0591779236653341,0.107576030073728,-0.0480279578635158,0.053542382918774,0.0661786592017585,0.100776417536117,0.0690995810005364,0.06681778869581,0.0852501997827794,-0.248093127299812,0.21179192400432,-0.219620991131253,-0.0482940370660367,0.200010495838994,0.00365957291510051,0.21065898962675,0.148042004582955,0.24146573300833,-0.0385466817229687,0.0355836472592196,0.0314327000031343,-0.0761597944812472,0.0464833275818495,0.0547067979457403,-0.0891963032060046,0.201937977246189,0.0967747355024314
-0.0440545977072806,-0.0660497928022026,0.0143393924228173,-0.0109334399052011,0.059207418752459,-0.137535739742088,-0.188257795438949,-0.0543401267535508,-0.0728599030466332,-0.162213527576413,-0.0909658098088808,-0.0769699066424737,-0.0213429633077295,-0.0925981764881662,-0.134857975506363,-0.0739084169065096,0.132570524972099,0.106865436726482,-0.0571987818632183,0.0281547634797707,0.142598422450777,0.0920825182967712,-0.0231218192829852,0.361405601718557,-0.00322280172214404,0.0646181259218211,-0.334591616258384,0.166435888185327,-0.011543792709261,0.15202752979064,-0.0771569594403534,-0.0697628231584449,-0.0844524757293358,0.202310113670406,0.0859437977492764,-0.0526076677789167,-0.163812013380783,-0.130855048036739,-0.175950038962117,0.243751425005608,-0.0285819146435116,0.155084301347041,-0.00567666483596351,-0.0834057004947078,0.0295770067499888,0.115493729675712,0.0322159436450754,0.0764659194806982,-0.2028512266077,-0.0251596196911554,0.00774886073728707,0.213080064134449,0.140688469812169,-0.132824682886596,-0.180814171666887,-0.0493562959966372,-0.121566639303399,0.151422596609938,0.175814327374412,0.0959204302547682
-0.0249074803030527,0.0640697593808219,0.0421092681395941,-0.0494072464700212,-0.0147830807507761,0.0354561794448731,-0.0174484979871484,-0.0484374905811446,-0.0956339476087732,0.0498698253473992,0.0671785036474889,0.029703600212327,-0.0890548331072491,-0.214954670064844,-0.187374864949256,0.0593966989093724,-0.101454669425611,0.209652580246239,-0.0116124621792922,0.271052936382023,-0.00379872508910274,0.0563246785260462,-0.227695858510843,-0.182959486605095,-0.333411144965429,0.357929691948386,0.0471413918825039,0.158400245640326,-0.0417544178293866,-0.0919126340467905,0.170515817091262,0.0115628489415791,0.0885256432102075,-0.00867181901971721,0.0918225789336484,0.0910905972408159,0.107346279978994,-0.266866983025592,0.191609088083415,-0.141223385160352,-0.0509310166036775,0.235543801978439,0.102890502363231,0.210921147047246,-0.154444164368051,0.0346107706106158,-0.0390975123061561,0.0864067537959945,-0.0544271272302381,-0.0533502146317803,-0.0097072969121322,-0.0474701562503485,0.00894225066585803,0.0596988088281391,-0.0372686948579798,0.00338166686953522,-0.00730504497806212,-0.0259276019215339,0.128489605138699,0.114513209766971
-0.00402150804065989,-0.765164042586589,-0.0148570330056182,0.0101871679216301,0.019177877693054,0.00691471449540482,-0.00116601893616041,-0.00852045739640082,-0.0153145995034864,0.00206794078609265,-0.00447384348247705,-0.00537037787530671,-0.00718771076087849,-0.00707080418588985,-0.00680232011104085,-0.000581316365012289,0.00798457303192609,-0.00250233778386436,0.00230724502536701,-0.00106998038598297,0.00306744063026592,0.00231868404302892,-0.00303511375964837,0.00410941125290702,0.000594824726584083,-0.00348363851620207,0.00508242556180631,-0.00409589296271924,0.00187000778901142,-0.00150404528464973,0.00384793112564178,0.00224585588819119,0.00282755946250698,0.000659507805595962,0.00468232740676827,-0.00102310291577882,0.000138648574091836,0.00510049612154862,0.00603362037856209,0.00279117608607677,0.00450866759235833,-0.00480882344272307,-0.00100594661198549,0.0076026193374019,-0.00250245090928515,0.00688930663796976,-0.00193819331347824,-0.00930770316256745,0.00401676697739773,0.00527265378389381,-0.00471042106841678,0.000852694524004616,-0.00200672614138223,-0.0192459987294898,-0.00523375239434482,0.000856600153824671,0.0167556699623819,-0.60977853252397,0.175642371442825,0.0963403085093535
0.983592791505652,-0.00997724568683717,0.00106932375401568,0.000479994405229773,0,0,-0.00392648205342564,0,0,0,0,0.00679779790027174,0,0,0,0,0,0,0,0,-0.0122704064329018,0,0,0,0,0,0,0,0,0,0,0,0,0,0,0,0,0,-0.013825843323517,0,0,0,0,0,0,0,0.00696724559548104,0,0,0,0,0,0,0.0030722182414953,0,0.00390915739657719,-0.00601008168786394,0.0588326208703763,0.120325111320726,0.118288476873614
